Category,Item,Description/Details
Strategic Foundation,Core Theme,Clean ? Ready. Moving beyond 'clean data' to 'AI-ready data'.
Strategic Foundation,The Framework,"The 4 Cardinal Dimensions (The Compass): North (Statistical Health), East (Semantic Clarity), West (Governance & Safety), South (Contextual Validity)."
Strategic Foundation,Event Alignment,"Lab of the Future (LotF) 2026 - Boston, MA."
Strategic Foundation,Launch Approach,Integrated: Merge product launch with conference promotion. Build in public.
Strategic Foundation,The Cross-Pollination Rule,"For every post, the other two team members must comment within 2 hours to amplify reach."
Role Definition,"Anuj (VP, Product Owner)","The Visionary Architect.
Lane: Strategy, Organizational Risk, 'The System is Broken'.
Tone: Authoritative, challenging.
Key Slides: Asset Maturity vs. Execution Risk (Pg 28)."
Role Definition,Nina (PhD Scientist),"The Credible Expert.
Lane: Methodology, Evidence, 'The How'.
Tone: Peer-to-peer, technical, specific.
Key Slides: Proxy Problem (Pg 19), Ontology (Pg 12)."
Role Definition,Ben (VP Sales),"The Connector.
Lane: Business Value, ROI, Networking.
Tone: Energetic, solution-oriented.
Key Slides: 70% Failure Rate (Pg 21)."
