Week 7: Post-Conference Follow-Up,,,,,
"Goal: Convert conference connections into demos, maintain momentum, establish thought leadership",,,,,
,,,,,
Day,Owner,Theme,Post Summary,Visual,Cross-Pollination
MONDAY,,,,,
,Anuj,The Reflection Post,"Big picture takeaway from conference - gap between clean and ready data, organizational readiness > technical debt, industry wants a standard",Team photo at conference,"Nina comments on ""standard"" point; Ben offers to schedule follow-ups"
,Nina,The Science Standout,Best technical session - Julia Fox on Semantic Tools. East on the Compass (Semantic Clarity) - ontology mapping as must-have not nice-to-have,Julia Fox session photo or Ontology slide (Page 13-14),Anuj connects to 4 dimensions; Ben offers intros
,Ben,Connector Gratitude,"31 conversations, 14 demo requests. Hunger for clear answer to ""is our data AI-ready?"" - Calendly link for Readiness Audit",Networking collage or booth photo,Anuj/Nina comment with gratitude and tag people they met
,,,,,
WEDNESDAY,,,,,
,Anuj,Insight Thread (5 Learnings),"1) Tech Stack vs Talent Stack gap, 2) Autonomous labs need quality control, 3) CMC is next frontier, 4) Semantic interoperability non-negotiable, 5) Industry wants a standard",5 Learnings graphic,Nina adds depth to #2 and #4; Ben adds business context to #5
,Nina,Technical Deep Dive,"How to measure ML-readiness: Factor 50 Rule, power analysis, class balance, Shannon entropy, CDD divergence, Theil U, R-value, VIF. AIDRIN framework citation.",Slide 40 (ML Readiness Assessment),Anuj contextualizes for execs; Ben offers to connect technical teams
,Ben,Pipeline Post,"Hypothesis validated - leaders know they have data readiness problem but cant measure. Scheduling with 3 top-10 pharma, 2 AI-native, 1 CRO. Complimentary Readiness Audits offer.",Complimentary Readiness Audit graphic,Anuj/Nina validate methodology
,,,,,
FRIDAY,,,,,
,Anuj,Challenge Recap,"Revisiting speaker challenge on Statistical Health. Findings: manual measurement, DQ but not ML Readiness, no portfolio-level view. Thanks to Christopher Arendt, Amrik Mahal.",Challenge question graphic,Nina adds technical nuance; Ben highlights business implications
,Nina,Community Builder,"Finding my people - FAIR beyond checkboxes, ontology infra, bias detection before regulatory problems. Launching monthly AI Readiness Coffee Chat - February topic: Measuring Semantic Interoperability",AI Readiness Coffee Chat graphic,Anuj promotes; Ben connects commercial folks
,Ben,CTA Close,"Final conversion push - what the demo includes: real assessment, 4 dimension scores, prioritized recommendations, audit-ready docs. 30 min, no pitch. Calendly link.",Product dashboard screenshot,Anuj/Nina validate demo experience
